,Group,Accuracy,Recall,Precision,Balanced Accuracy
0,Overall,0.8079441292012222,0.6997167138810199,0.12993161493950553,0.7559984091479779
