,Group,Accuracy,Recall,Precision,Balanced Accuracy
0,Overall,0.8745089480576168,0.5524079320113314,0.16427969671440606,0.7199106962292499
