,Group,Accuracy,Recall,Precision,Balanced Accuracy
0,Overall,0.8668703622872108,0.5807365439093485,0.16053249804228661,0.7295352223575797
