,Group,Accuracy,Recall,Precision,Balanced Accuracy
0,Overall,0.8902226102138804,0.5297450424929179,0.18208373904576436,0.7172048331293326
