,Group,Accuracy,Recall,Precision,Balanced Accuracy
0,Overall,0.8344609340899171,0.6345609065155807,0.13895781637717122,0.738515273369015
