,Group,Accuracy,Recall,Precision,Balanced Accuracy
0,Overall,0.8096900916630293,0.7138810198300283,0.13298153034300791,0.7637047818478254
