,Group,Accuracy,Recall,Precision,Balanced Accuracy
0,Overall,0.8716717590571803,0.5580736543909348,0.161873459326212,0.721154634481814
