,Group,Accuracy,Recall,Precision,Balanced Accuracy
0,Overall,0.8747271933653427,0.5495750708215298,0.16398985629754861,0.7186645073776246
