,Group,Accuracy,Recall,Precision,Balanced Accuracy
0,Overall,0.9106285464862506,0.45325779036827196,0.2035623409669211,0.6911051180873251
