,Group,Accuracy,Recall,Precision,Balanced Accuracy
0,Overall,0.8882584024443474,0.5127478753541076,0.17521781219748306,0.7080252825868256
