,Group,Accuracy,Recall,Precision,Balanced Accuracy
0,Overall,0.8838934962898297,0.5552407932011332,0.17769718948322757,0.7261506428836219
