,Group,Accuracy,Recall,Precision,Balanced Accuracy
0,Overall,0.8724356176342208,0.546742209631728,0.1605657237936772,0.716113131827554
