,Group,Accuracy,Recall,Precision,Balanced Accuracy
0,Overall,0.8236577913574858,0.6713881019830028,0.13644214162348878,0.7505731793537758
