,Group,Accuracy,Recall,Precision,Balanced Accuracy
0,Overall,0.8490833697075513,0.6203966005665722,0.14918256130790192,0.7393209878329399
