,Group,Accuracy,Recall,Precision,Balanced Accuracy
0,Overall,0.8770187690964645,0.5410764872521246,0.1652249134948097,0.7157771495391255
