,Group,Accuracy,Recall,Precision,Balanced Accuracy
0,Overall,0.8657791357485815,0.5609065155807366,0.15553809897879026,0.7194499664499983
