,Group,Accuracy,Recall,Precision,Balanced Accuracy
0,Overall,0.8382802269751201,0.6543909348441926,0.1451917033312382,0.7500192104705585
