,Group,Accuracy,Recall,Precision,Balanced Accuracy
0,Overall,0.866433871671759,0.5807365439093485,0.1600312256049961,0.7293082333665457
