,Group,Accuracy,Recall,Precision,Balanced Accuracy
0,Overall,0.8712352684417285,0.5722379603399433,0.16409423233143786,0.7277260622264919
