,Group,Accuracy,Recall,Precision,Balanced Accuracy
0,Overall,0.819620253164557,0.6458923512747875,0.12984054669703873,0.7362363810624306
