,Group,Accuracy,Recall,Precision,Balanced Accuracy
0,Overall,0.9332169358358795,0.3031161473087819,0.226215644820296,0.630788580974786
