,Group,Accuracy,Recall,Precision,Balanced Accuracy
0,Overall,0.876036665211698,0.5694050991501416,0.16962025316455695,0.7288632577807228
