,Group,Accuracy,Recall,Precision,Balanced Accuracy
0,Overall,0.8585770405936273,0.5949008498583569,0.15407190022010273,0.7320208482636468
