,Group,Accuracy,Recall,Precision,Balanced Accuracy
0,Overall,0.8789829768659974,0.5580736543909348,0.17130434782608694,0.7249567000816324
