,Group,Accuracy,Recall,Precision,Balanced Accuracy
0,Overall,0.8674159755565255,0.5864022662889519,0.16222570532915362,0.7325383252906568
