,Group,Accuracy,Recall,Precision,Balanced Accuracy
0,Overall,0.8823657791357485,0.5297450424929179,0.17015468607825296,0.7131190312907218
