,Group,Accuracy,Recall,Precision,Balanced Accuracy
0,Overall,0.8635966826713226,0.5750708215297451,0.1557943207981581,0.7251134382305404
