,Group,Accuracy,Recall,Precision,Balanced Accuracy
0,Overall,0.802706241815801,0.7025495750708215,0.12711430035879037,0.754634224602713
