,Group,Accuracy,Recall,Precision,Balanced Accuracy
0,Overall,0.8934962898297687,0.49008498583569404,0.1785345717234262,0.699871683702094
