,Group,Accuracy,Recall,Precision,Balanced Accuracy
0,Overall,0.8656700130947185,0.5722379603399433,0.15756630265210608,0.7248319525908092
