,Group,Accuracy,Recall,Precision,Balanced Accuracy
0,Overall,0.8565037101702313,0.5977337110481586,0.15245664739884393,0.7323023339033778
