,Group,Accuracy,Recall,Precision,Balanced Accuracy
0,Overall,0.7952859013531209,0.7053824362606232,0.12320633349826818,0.7521350951022785
