,Group,Accuracy,Recall,Precision,Balanced Accuracy
0,Overall,0.8888040157136622,0.509915014164306,0.17543859649122806,0.7069493354784757
