,Group,Accuracy,Recall,Precision,Balanced Accuracy
0,Overall,0.8841117415975557,0.5127478753541076,0.16900093370681607,0.7058688871720034
