,Group,Accuracy,Recall,Precision,Balanced Accuracy
0,Overall,0.8824749017896115,0.5439093484419264,0.17328519855595667,0.719974195274192
