,Group,Accuracy,Recall,Precision,Balanced Accuracy
0,Overall,0.859122653862942,0.5864022662889519,0.15310650887573965,0.728225534461012
