,Group,Accuracy,Recall,Precision,Balanced Accuracy
0,Overall,0.8706896551724138,0.5835694050991501,0.16559485530546625,0.7328810593762689
